,xmin,ymin,xmax,ymax,label,score,image_path,Dead,geometry,index_right,utmZone,individualID,taxonID,siteID,plotID,plantStatus
0,257990.9,4110478.6,257997.6,4110470.4000000004,Tree,0.8376737236976624,SJER_052_2018.tif,0,"POLYGON ((257997.6 4110478.6, 257997.6 4110470.4, 257990.9 4110470.4, 257990.9 4110478.6, 257997.6 4110478.6))",132269,11N,NEON.PLA.D17.SJER.00216,QUWI2,SJER,SJER_052,Live
1,257975.5,4110487.6,257986.4,4110477.2,Tree,0.7846482992172241,SJER_052_2018.tif,0,"POLYGON ((257986.4 4110487.6, 257986.4 4110477.2, 257975.5 4110477.2, 257975.5 4110487.6, 257986.4 4110487.6))",131976,11N,NEON.PLA.D17.SJER.00217,PISA2,SJER,SJER_052,Live
